repetition,grid_width,pop_size,p_occupation,step,s_step,pop_count
0,512,262144,0.02,0,0.00195789,5213
0,512,262144,0.02,1,0.000769024,4185
0,512,262144,0.02,2,0.000758784,4180
0,512,262144,0.02,3,0.000749568,4177
0,512,262144,0.02,4,0.000765952,4184
0,512,262144,0.02,5,0.00076288,4174
0,512,262144,0.02,6,0.000748544,4180
0,512,262144,0.02,7,0.000746496,4180
0,512,262144,0.02,8,0.000748544,4177
0,512,262144,0.02,9,0.000755712,4186
0,512,262144,0.02,10,0.000753664,4177
0,512,262144,0.02,11,0.000750592,4176
0,512,262144,0.02,12,0.00075264,4151
0,512,262144,0.02,13,0.000777216,4164
0,512,262144,0.02,14,0.000749568,4146
0,512,262144,0.02,15,0.000749568,4149
0,512,262144,0.02,16,0.000756736,4153
0,512,262144,0.02,17,0.000760832,4145
0,512,262144,0.02,18,0.000749568,4130
0,512,262144,0.02,19,0.00075776,4128
0,512,262144,0.02,20,0.000753664,4126
0,512,262144,0.02,21,0.000758784,4113
0,512,262144,0.02,22,0.000749568,4102
0,512,262144,0.02,23,0.000766976,4127
0,512,262144,0.02,24,0.000758784,4102
0,512,262144,0.02,25,0.000754688,4097
0,512,262144,0.02,26,0.000750592,4101
0,512,262144,0.02,27,0.000754688,4101
0,512,262144,0.02,28,0.000771072,4073
0,512,262144,0.02,29,0.00074752,4111
0,512,262144,0.02,30,0.00074752,4090
0,512,262144,0.02,31,0.000754688,4071
0,512,262144,0.02,32,0.000754688,4073
0,512,262144,0.02,33,0.000749568,4068
0,512,262144,0.02,34,0.000756736,4047
0,512,262144,0.02,35,0.000749568,4054
0,512,262144,0.02,36,0.000753664,4018
0,512,262144,0.02,37,0.000754688,4033
0,512,262144,0.02,38,0.000740352,4033
0,512,262144,0.02,39,0.000748544,4030
0,512,262144,0.02,40,0.000750592,4027
0,512,262144,0.02,41,0.00075776,4005
0,512,262144,0.02,42,0.000760832,3992
0,512,262144,0.02,43,0.000748544,4012
0,512,262144,0.02,44,0.000759808,4006
0,512,262144,0.02,45,0.000753664,3991
0,512,262144,0.02,46,0.000756736,3996
0,512,262144,0.02,47,0.000754688,3991
0,512,262144,0.02,48,0.000751616,3993
0,512,262144,0.02,49,0.000759808,3989
0,512,262144,0.02,50,0.000761856,3983
0,512,262144,0.02,51,0.000750592,3971
0,512,262144,0.02,52,0.000753664,4002
0,512,262144,0.02,53,0.000751616,3977
0,512,262144,0.02,54,0.00075264,3959
0,512,262144,0.02,55,0.000753664,3983
0,512,262144,0.02,56,0.000748544,3988
0,512,262144,0.02,57,0.000756736,3975
0,512,262144,0.02,58,0.000765952,3968
0,512,262144,0.02,59,0.000753664,3990
0,512,262144,0.02,60,0.000760832,3962
0,512,262144,0.02,61,0.000765952,3949
0,512,262144,0.02,62,0.00075264,3958
0,512,262144,0.02,63,0.000746496,3946
0,512,262144,0.02,64,0.000754688,3964
0,512,262144,0.02,65,0.000755712,3968
0,512,262144,0.02,66,0.000746496,3959
0,512,262144,0.02,67,0.000745472,3940
0,512,262144,0.02,68,0.000753664,3972
0,512,262144,0.02,69,0.000748544,3963
0,512,262144,0.02,70,0.000753664,3931
0,512,262144,0.02,71,0.000743424,3963
0,512,262144,0.02,72,0.000753664,3949
0,512,262144,0.02,73,0.000750592,3955
0,512,262144,0.02,74,0.000744448,3983
0,512,262144,0.02,75,0.000750592,3987
0,512,262144,0.02,76,0.00075776,3930
0,512,262144,0.02,77,0.000750592,3959
0,512,262144,0.02,78,0.00075264,3953
0,512,262144,0.02,79,0.000765952,3948
0,512,262144,0.02,80,0.000750592,3921
0,512,262144,0.02,81,0.000749568,3961
0,512,262144,0.02,82,0.000760832,3953
0,512,262144,0.02,83,0.00076288,3942
0,512,262144,0.02,84,0.000753664,3947
0,512,262144,0.02,85,0.000751616,3934
0,512,262144,0.02,86,0.00075264,3946
0,512,262144,0.02,87,0.000753664,3962
0,512,262144,0.02,88,0.000763904,3950
0,512,262144,0.02,89,0.000754688,3902
0,512,262144,0.02,90,0.000754688,3907
0,512,262144,0.02,91,0.000754688,3946
0,512,262144,0.02,92,0.000744448,3945
0,512,262144,0.02,93,0.000753664,3935
0,512,262144,0.02,94,0.000756736,3938
0,512,262144,0.02,95,0.000749568,3937
0,512,262144,0.02,96,0.000756736,3932
0,512,262144,0.02,97,0.000761856,3945
0,512,262144,0.02,98,0.000754688,3946
0,512,262144,0.02,99,0.000749568,3924
0,512,262144,0.04,0,0.0019712,10123
0,512,262144,0.04,1,0.000777216,8218
0,512,262144,0.04,2,0.000765952,8128
0,512,262144,0.04,3,0.000770048,8123
0,512,262144,0.04,4,0.000774144,8131
0,512,262144,0.04,5,0.000766976,8102
0,512,262144,0.04,6,0.000763904,8058
0,512,262144,0.04,7,0.00076288,8080
0,512,262144,0.04,8,0.000768,8107
0,512,262144,0.04,9,0.000766976,8045
0,512,262144,0.04,10,0.000764928,8020
0,512,262144,0.04,11,0.000763904,8017
0,512,262144,0.04,12,0.000766976,7994
0,512,262144,0.04,13,0.000768,8008
0,512,262144,0.04,14,0.000765952,7942
0,512,262144,0.04,15,0.00075776,7930
0,512,262144,0.04,16,0.000763904,7907
0,512,262144,0.04,17,0.000765952,7871
0,512,262144,0.04,18,0.000763904,7897
0,512,262144,0.04,19,0.000763904,7893
0,512,262144,0.04,20,0.000769024,7874
0,512,262144,0.04,21,0.000766976,7832
0,512,262144,0.04,22,0.00077312,7784
0,512,262144,0.04,23,0.000761856,7773
0,512,262144,0.04,24,0.000775168,7774
0,512,262144,0.04,25,0.000769024,7780
0,512,262144,0.04,26,0.000756736,7811
0,512,262144,0.04,27,0.000754688,7728
0,512,262144,0.04,28,0.000760832,7721
0,512,262144,0.04,29,0.000758784,7695
0,512,262144,0.04,30,0.000759808,7670
0,512,262144,0.04,31,0.000759808,7676
0,512,262144,0.04,32,0.000760832,7685
0,512,262144,0.04,33,0.000760832,7665
0,512,262144,0.04,34,0.000756736,7637
0,512,262144,0.04,35,0.000764928,7632
0,512,262144,0.04,36,0.000766976,7619
0,512,262144,0.04,37,0.00076288,7652
0,512,262144,0.04,38,0.000756736,7595
0,512,262144,0.04,39,0.000765952,7577
0,512,262144,0.04,40,0.000764928,7580
0,512,262144,0.04,41,0.000765952,7581
0,512,262144,0.04,42,0.000764928,7571
0,512,262144,0.04,43,0.000756736,7527
0,512,262144,0.04,44,0.000756736,7529
0,512,262144,0.04,45,0.00075776,7483
0,512,262144,0.04,46,0.000766976,7482
0,512,262144,0.04,47,0.000751616,7515
0,512,262144,0.04,48,0.000760832,7533
0,512,262144,0.04,49,0.000768,7446
0,512,262144,0.04,50,0.000748544,7464
0,512,262144,0.04,51,0.000753664,7479
0,512,262144,0.04,52,0.000758784,7538
0,512,262144,0.04,53,0.000755712,7484
0,512,262144,0.04,54,0.000760832,7440
0,512,262144,0.04,55,0.000754688,7439
0,512,262144,0.04,56,0.00075776,7447
0,512,262144,0.04,57,0.000758784,7443
0,512,262144,0.04,58,0.000758784,7453
0,512,262144,0.04,59,0.000754688,7454
0,512,262144,0.04,60,0.000755712,7414
0,512,262144,0.04,61,0.000760832,7413
0,512,262144,0.04,62,0.000759808,7440
0,512,262144,0.04,63,0.000766976,7429
0,512,262144,0.04,64,0.000758784,7441
0,512,262144,0.04,65,0.00075776,7394
0,512,262144,0.04,66,0.00075264,7381
0,512,262144,0.04,67,0.00075776,7349
0,512,262144,0.04,68,0.000764928,7395
0,512,262144,0.04,69,0.000761856,7389
0,512,262144,0.04,70,0.000751616,7396
0,512,262144,0.04,71,0.000758784,7423
0,512,262144,0.04,72,0.000759808,7416
0,512,262144,0.04,73,0.000759808,7386
0,512,262144,0.04,74,0.00076288,7417
0,512,262144,0.04,75,0.000763904,7404
0,512,262144,0.04,76,0.000763904,7339
0,512,262144,0.04,77,0.000763904,7376
0,512,262144,0.04,78,0.000763904,7406
0,512,262144,0.04,79,0.000758784,7369
0,512,262144,0.04,80,0.000759808,7306
0,512,262144,0.04,81,0.00075776,7350
0,512,262144,0.04,82,0.000768,7360
0,512,262144,0.04,83,0.000759808,7364
0,512,262144,0.04,84,0.00075776,7331
0,512,262144,0.04,85,0.000759808,7421
0,512,262144,0.04,86,0.000756736,7407
0,512,262144,0.04,87,0.000765952,7329
0,512,262144,0.04,88,0.00077312,7345
0,512,262144,0.04,89,0.000775168,7354
0,512,262144,0.04,90,0.000760832,7350
0,512,262144,0.04,91,0.000754688,7329
0,512,262144,0.04,92,0.000761856,7332
0,512,262144,0.04,93,0.00075264,7318
0,512,262144,0.04,94,0.000763904,7344
0,512,262144,0.04,95,0.000761856,7330
0,512,262144,0.04,96,0.000758784,7333
0,512,262144,0.04,97,0.000766976,7353
0,512,262144,0.04,98,0.00077312,7354
0,512,262144,0.04,99,0.000750592,7309
0,512,262144,0.08,0,0.00198758,19925
0,512,262144,0.08,1,0.000799744,16039
0,512,262144,0.08,2,0.000790528,15659
0,512,262144,0.08,3,0.000781312,15695
0,512,262144,0.08,4,0.000790528,15690
0,512,262144,0.08,5,0.000785408,15650
0,512,262144,0.08,6,0.000776192,15514
0,512,262144,0.08,7,0.000791552,15490
0,512,262144,0.08,8,0.000779264,15450
0,512,262144,0.08,9,0.000799744,15382
0,512,262144,0.08,10,0.000787456,15399
0,512,262144,0.08,11,0.00077824,15315
0,512,262144,0.08,12,0.000777216,15207
0,512,262144,0.08,13,0.000789504,15104
0,512,262144,0.08,14,0.000774144,15106
0,512,262144,0.08,15,0.00078336,14959
0,512,262144,0.08,16,0.000791552,14977
0,512,262144,0.08,17,0.000771072,14930
0,512,262144,0.08,18,0.00078336,14827
0,512,262144,0.08,19,0.000775168,14758
0,512,262144,0.08,20,0.00078336,14717
0,512,262144,0.08,21,0.000781312,14556
0,512,262144,0.08,22,0.000777216,14570
0,512,262144,0.08,23,0.0007936,14619
0,512,262144,0.08,24,0.000769024,14489
0,512,262144,0.08,25,0.000780288,14497
0,512,262144,0.08,26,0.00077312,14397
0,512,262144,0.08,27,0.000795648,14342
0,512,262144,0.08,28,0.000781312,14279
0,512,262144,0.08,29,0.000780288,14216
0,512,262144,0.08,30,0.000765952,14252
0,512,262144,0.08,31,0.000776192,14150
0,512,262144,0.08,32,0.000795648,14194
0,512,262144,0.08,33,0.000787456,14128
0,512,262144,0.08,34,0.000771072,14069
0,512,262144,0.08,35,0.00077312,14112
0,512,262144,0.08,36,0.000784384,14075
0,512,262144,0.08,37,0.000781312,13980
0,512,262144,0.08,38,0.000771072,13974
0,512,262144,0.08,39,0.000768,13853
0,512,262144,0.08,40,0.000774144,13899
0,512,262144,0.08,41,0.000785408,13860
0,512,262144,0.08,42,0.00080896,13835
0,512,262144,0.08,43,0.00077824,13870
0,512,262144,0.08,44,0.000771072,13746
0,512,262144,0.08,45,0.00077312,13745
0,512,262144,0.08,46,0.000771072,13727
0,512,262144,0.08,47,0.000771072,13647
0,512,262144,0.08,48,0.000772096,13666
0,512,262144,0.08,49,0.000774144,13655
0,512,262144,0.08,50,0.00077824,13589
0,512,262144,0.08,51,0.000772096,13613
0,512,262144,0.08,52,0.00077824,13552
0,512,262144,0.08,53,0.000771072,13588
0,512,262144,0.08,54,0.000779264,13640
0,512,262144,0.08,55,0.000774144,13581
0,512,262144,0.08,56,0.000782336,13549
0,512,262144,0.08,57,0.000775168,13510
0,512,262144,0.08,58,0.00077312,13452
0,512,262144,0.08,59,0.00077312,13465
0,512,262144,0.08,60,0.000776192,13506
0,512,262144,0.08,61,0.000776192,13545
0,512,262144,0.08,62,0.00077312,13457
0,512,262144,0.08,63,0.000774144,13426
0,512,262144,0.08,64,0.000769024,13493
0,512,262144,0.08,65,0.000771072,13515
0,512,262144,0.08,66,0.000769024,13523
0,512,262144,0.08,67,0.000771072,13507
0,512,262144,0.08,68,0.000812032,13352
0,512,262144,0.08,69,0.00077312,13419
0,512,262144,0.08,70,0.000775168,13437
0,512,262144,0.08,71,0.000774144,13332
0,512,262144,0.08,72,0.000776192,13376
0,512,262144,0.08,73,0.000772096,13402
0,512,262144,0.08,74,0.000776192,13439
0,512,262144,0.08,75,0.00077312,13345
0,512,262144,0.08,76,0.000770048,13421
0,512,262144,0.08,77,0.000772096,13337
0,512,262144,0.08,78,0.000765952,13324
0,512,262144,0.08,79,0.000769024,13312
0,512,262144,0.08,80,0.000772096,13333
0,512,262144,0.08,81,0.000769024,13301
0,512,262144,0.08,82,0.000776192,13396
0,512,262144,0.08,83,0.000768,13327
0,512,262144,0.08,84,0.000768,13268
0,512,262144,0.08,85,0.000766976,13276
0,512,262144,0.08,86,0.000775168,13326
0,512,262144,0.08,87,0.000777216,13331
0,512,262144,0.08,88,0.000775168,13384
0,512,262144,0.08,89,0.000765952,13339
0,512,262144,0.08,90,0.000774144,13249
0,512,262144,0.08,91,0.000771072,13231
0,512,262144,0.08,92,0.000775168,13236
0,512,262144,0.08,93,0.000782336,13264
0,512,262144,0.08,94,0.000797696,13251
0,512,262144,0.08,95,0.000771072,13274
0,512,262144,0.08,96,0.000777216,13228
0,512,262144,0.08,97,0.000781312,13269
0,512,262144,0.08,98,0.000768,13258
0,512,262144,0.08,99,0.000770048,13204
0,512,262144,0.16,0,0.0019927,37094
0,512,262144,0.16,1,0.00081408,29047
0,512,262144,0.16,2,0.000796672,28015
0,512,262144,0.16,3,0.000799744,27956
0,512,262144,0.16,4,0.00079872,27863
0,512,262144,0.16,5,0.000797696,27595
0,512,262144,0.16,6,0.000794624,27440
0,512,262144,0.16,7,0.000790528,27117
0,512,262144,0.16,8,0.00080384,27086
0,512,262144,0.16,9,0.000801792,26930
0,512,262144,0.16,10,0.000797696,26755
0,512,262144,0.16,11,0.000800768,26587
0,512,262144,0.16,12,0.000787456,26349
0,512,262144,0.16,13,0.000795648,26239
0,512,262144,0.16,14,0.000797696,26078
0,512,262144,0.16,15,0.000794624,25848
0,512,262144,0.16,16,0.000790528,25753
0,512,262144,0.16,17,0.000789504,25565
0,512,262144,0.16,18,0.000791552,25527
0,512,262144,0.16,19,0.000801792,25330
0,512,262144,0.16,20,0.000796672,25286
0,512,262144,0.16,21,0.000797696,25190
0,512,262144,0.16,22,0.000800768,24907
0,512,262144,0.16,23,0.000799744,24829
0,512,262144,0.16,24,0.000791552,24711
0,512,262144,0.16,25,0.00078848,24542
0,512,262144,0.16,26,0.000790528,24476
0,512,262144,0.16,27,0.000790528,24481
0,512,262144,0.16,28,0.000796672,24497
0,512,262144,0.16,29,0.000794624,24351
0,512,262144,0.16,30,0.000797696,24140
0,512,262144,0.16,31,0.00079872,24088
0,512,262144,0.16,32,0.0007936,24015
0,512,262144,0.16,33,0.000786432,23920
0,512,262144,0.16,34,0.000792576,23809
0,512,262144,0.16,35,0.000790528,23767
0,512,262144,0.16,36,0.000792576,23789
0,512,262144,0.16,37,0.000795648,23666
0,512,262144,0.16,38,0.000791552,23676
0,512,262144,0.16,39,0.000794624,23651
0,512,262144,0.16,40,0.00078848,23491
0,512,262144,0.16,41,0.000792576,23528
0,512,262144,0.16,42,0.000791552,23479
0,512,262144,0.16,43,0.000779264,23399
0,512,262144,0.16,44,0.000787456,23466
0,512,262144,0.16,45,0.000794624,23392
0,512,262144,0.16,46,0.000792576,23288
0,512,262144,0.16,47,0.000791552,23233
0,512,262144,0.16,48,0.000784384,23323
0,512,262144,0.16,49,0.00078336,23230
0,512,262144,0.16,50,0.000799744,23148
0,512,262144,0.16,51,0.000795648,23233
0,512,262144,0.16,52,0.000821248,23025
0,512,262144,0.16,53,0.000790528,23059
0,512,262144,0.16,54,0.000797696,22987
0,512,262144,0.16,55,0.000795648,23033
0,512,262144,0.16,56,0.000792576,23068
0,512,262144,0.16,57,0.000799744,23023
0,512,262144,0.16,58,0.000792576,22882
0,512,262144,0.16,59,0.000785408,22929
0,512,262144,0.16,60,0.0007936,22912
0,512,262144,0.16,61,0.000795648,22859
0,512,262144,0.16,62,0.000794624,22854
0,512,262144,0.16,63,0.000794624,22846
0,512,262144,0.16,64,0.000800768,22968
0,512,262144,0.16,65,0.0007936,22805
0,512,262144,0.16,66,0.000795648,22793
0,512,262144,0.16,67,0.000791552,22777
0,512,262144,0.16,68,0.000789504,22628
0,512,262144,0.16,69,0.000790528,22714
0,512,262144,0.16,70,0.000790528,22691
0,512,262144,0.16,71,0.000791552,22736
0,512,262144,0.16,72,0.000796672,22803
0,512,262144,0.16,73,0.000791552,22650
0,512,262144,0.16,74,0.000790528,22733
0,512,262144,0.16,75,0.000784384,22809
0,512,262144,0.16,76,0.000786432,22742
0,512,262144,0.16,77,0.000789504,22579
0,512,262144,0.16,78,0.000792576,22570
0,512,262144,0.16,79,0.000787456,22605
0,512,262144,0.16,80,0.000792576,22668
0,512,262144,0.16,81,0.00078336,22534
0,512,262144,0.16,82,0.000792576,22568
0,512,262144,0.16,83,0.000791552,22575
0,512,262144,0.16,84,0.00079872,22538
0,512,262144,0.16,85,0.000791552,22558
0,512,262144,0.16,86,0.000790528,22550
0,512,262144,0.16,87,0.000790528,22549
0,512,262144,0.16,88,0.000811008,22526
0,512,262144,0.16,89,0.00079872,22522
0,512,262144,0.16,90,0.000782336,22496
0,512,262144,0.16,91,0.000791552,22408
0,512,262144,0.16,92,0.000787456,22618
0,512,262144,0.16,93,0.000790528,22556
0,512,262144,0.16,94,0.000791552,22445
0,512,262144,0.16,95,0.00078336,22631
0,512,262144,0.16,96,0.000785408,22383
0,512,262144,0.16,97,0.000789504,22523
0,512,262144,0.16,98,0.000791552,22463
0,512,262144,0.16,99,0.000791552,22548
0,512,262144,0.32,0,0.00207258,63119
0,512,262144,0.32,1,0.000851968,48122
0,512,262144,0.32,2,0.00083456,44874
0,512,262144,0.32,3,0.00083456,43800
0,512,262144,0.32,4,0.000830464,43127
0,512,262144,0.32,5,0.000836608,42625
0,512,262144,0.32,6,0.000822272,42126
0,512,262144,0.32,7,0.000823296,42175
0,512,262144,0.32,8,0.000838656,41934
0,512,262144,0.32,9,0.000830464,41586
0,512,262144,0.32,10,0.00082432,41263
0,512,262144,0.32,11,0.000830464,40965
0,512,262144,0.32,12,0.000830464,40825
0,512,262144,0.32,13,0.000823296,40746
0,512,262144,0.32,14,0.000825344,40370
0,512,262144,0.32,15,0.000822272,40227
0,512,262144,0.32,16,0.000825344,40091
0,512,262144,0.32,17,0.000825344,39975
0,512,262144,0.32,18,0.00082944,39479
0,512,262144,0.32,19,0.000830464,39472
0,512,262144,0.32,20,0.000832512,39329
0,512,262144,0.32,21,0.000825344,39175
0,512,262144,0.32,22,0.000833536,38926
0,512,262144,0.32,23,0.000807936,38834
0,512,262144,0.32,24,0.0008192,38745
0,512,262144,0.32,25,0.000822272,38537
0,512,262144,0.32,26,0.00082944,38378
0,512,262144,0.32,27,0.00082944,38525
0,512,262144,0.32,28,0.000826368,38197
0,512,262144,0.32,29,0.000822272,38077
0,512,262144,0.32,30,0.000822272,38034
0,512,262144,0.32,31,0.000836608,37923
0,512,262144,0.32,32,0.000823296,37840
0,512,262144,0.32,33,0.000830464,37675
0,512,262144,0.32,34,0.000822272,37705
0,512,262144,0.32,35,0.000846848,37678
0,512,262144,0.32,36,0.000823296,37481
0,512,262144,0.32,37,0.000825344,37302
0,512,262144,0.32,38,0.000828416,37490
0,512,262144,0.32,39,0.00082432,37404
0,512,262144,0.32,40,0.000820224,37153
0,512,262144,0.32,41,0.000822272,37266
0,512,262144,0.32,42,0.000817152,37110
0,512,262144,0.32,43,0.00082432,37185
0,512,262144,0.32,44,0.000823296,37159
0,512,262144,0.32,45,0.000823296,36960
0,512,262144,0.32,46,0.000830464,36987
0,512,262144,0.32,47,0.000823296,37021
0,512,262144,0.32,48,0.000818176,36808
0,512,262144,0.32,49,0.000816128,36979
0,512,262144,0.32,50,0.00082432,36711
0,512,262144,0.32,51,0.000828416,36659
0,512,262144,0.32,52,0.000816128,36739
0,512,262144,0.32,53,0.000825344,36793
0,512,262144,0.32,54,0.00082432,36639
0,512,262144,0.32,55,0.000825344,36596
0,512,262144,0.32,56,0.00082432,36489
0,512,262144,0.32,57,0.000821248,36649
0,512,262144,0.32,58,0.000821248,36397
0,512,262144,0.32,59,0.000816128,36398
0,512,262144,0.32,60,0.000822272,36555
0,512,262144,0.32,61,0.000828416,36438
0,512,262144,0.32,62,0.000815104,36374
0,512,262144,0.32,63,0.000820224,36484
0,512,262144,0.32,64,0.000822272,36293
0,512,262144,0.32,65,0.000821248,36360
0,512,262144,0.32,66,0.000820224,36330
0,512,262144,0.32,67,0.000822272,36379
0,512,262144,0.32,68,0.000815104,36453
0,512,262144,0.32,69,0.000813056,36430
0,512,262144,0.32,70,0.0008192,36262
0,512,262144,0.32,71,0.000815104,36140
0,512,262144,0.32,72,0.00082432,36266
0,512,262144,0.32,73,0.0008192,36136
0,512,262144,0.32,74,0.000820224,36186
0,512,262144,0.32,75,0.000821248,36263
0,512,262144,0.32,76,0.0008192,36110
0,512,262144,0.32,77,0.000821248,36127
0,512,262144,0.32,78,0.000822272,36090
0,512,262144,0.32,79,0.000820224,36217
0,512,262144,0.32,80,0.000815104,35995
0,512,262144,0.32,81,0.000823296,36164
0,512,262144,0.32,82,0.000820224,36147
0,512,262144,0.32,83,0.000818176,36185
0,512,262144,0.32,84,0.0008192,36109
0,512,262144,0.32,85,0.000816128,36032
0,512,262144,0.32,86,0.000835584,36070
0,512,262144,0.32,87,0.000821248,35934
0,512,262144,0.32,88,0.000831488,36004
0,512,262144,0.32,89,0.0008192,35970
0,512,262144,0.32,90,0.000817152,36229
0,512,262144,0.32,91,0.000812032,35847
0,512,262144,0.32,92,0.000816128,36071
0,512,262144,0.32,93,0.000816128,35949
0,512,262144,0.32,94,0.00082944,35948
0,512,262144,0.32,95,0.000821248,36056
0,512,262144,0.32,96,0.00082432,36044
0,512,262144,0.32,97,0.000825344,36159
0,512,262144,0.32,98,0.000818176,35932
0,512,262144,0.32,99,0.0008192,35908
0,512,262144,0.64,0,0.00209818,77565
0,512,262144,0.64,1,0.00091136,70726
0,512,262144,0.64,2,0.000873472,59682
0,512,262144,0.64,3,0.000868352,55266
0,512,262144,0.64,4,0.000871424,54491
0,512,262144,0.64,5,0.000863232,54527
0,512,262144,0.64,6,0.00085504,54450
0,512,262144,0.64,7,0.000857088,54446
0,512,262144,0.64,8,0.000876544,54434
0,512,262144,0.64,9,0.000859136,54347
0,512,262144,0.64,10,0.000863232,54550
0,512,262144,0.64,11,0.000859136,54509
0,512,262144,0.64,12,0.000862208,54705
0,512,262144,0.64,13,0.000845824,54668
0,512,262144,0.64,14,0.000883712,54649
0,512,262144,0.64,15,0.000856064,54672
0,512,262144,0.64,16,0.000857088,54634
0,512,262144,0.64,17,0.000852992,54509
0,512,262144,0.64,18,0.000851968,54804
0,512,262144,0.64,19,0.000854016,54699
0,512,262144,0.64,20,0.000858112,54751
0,512,262144,0.64,21,0.000859136,54783
0,512,262144,0.64,22,0.000851968,54761
0,512,262144,0.64,23,0.000857088,54785
0,512,262144,0.64,24,0.000859136,54893
0,512,262144,0.64,25,0.00085504,54665
0,512,262144,0.64,26,0.000863232,54821
0,512,262144,0.64,27,0.000854016,54714
0,512,262144,0.64,28,0.000854016,54812
0,512,262144,0.64,29,0.000862208,54842
0,512,262144,0.64,30,0.000854016,54794
0,512,262144,0.64,31,0.00085504,54882
0,512,262144,0.64,32,0.000858112,54746
0,512,262144,0.64,33,0.00085504,54653
0,512,262144,0.64,34,0.000859136,54770
0,512,262144,0.64,35,0.000858112,54670
0,512,262144,0.64,36,0.000854016,54914
0,512,262144,0.64,37,0.000857088,54791
0,512,262144,0.64,38,0.000848896,54708
0,512,262144,0.64,39,0.00086016,54788
0,512,262144,0.64,40,0.000857088,54900
0,512,262144,0.64,41,0.000858112,54602
0,512,262144,0.64,42,0.000858112,54719
0,512,262144,0.64,43,0.000850944,54775
0,512,262144,0.64,44,0.000858112,54708
0,512,262144,0.64,45,0.000851968,54937
0,512,262144,0.64,46,0.000858112,54728
0,512,262144,0.64,47,0.000859136,54666
0,512,262144,0.64,48,0.000852992,54836
0,512,262144,0.64,49,0.000863232,54843
0,512,262144,0.64,50,0.000861184,54834
0,512,262144,0.64,51,0.000852992,54786
0,512,262144,0.64,52,0.000845824,54928
0,512,262144,0.64,53,0.000861184,54752
0,512,262144,0.64,54,0.000859136,54664
0,512,262144,0.64,55,0.000857088,54872
0,512,262144,0.64,56,0.000854016,54706
0,512,262144,0.64,57,0.000861184,54810
0,512,262144,0.64,58,0.000859136,54855
0,512,262144,0.64,59,0.000862208,54841
0,512,262144,0.64,60,0.00086016,54582
0,512,262144,0.64,61,0.00085504,54499
0,512,262144,0.64,62,0.00086016,54784
0,512,262144,0.64,63,0.00086016,54733
0,512,262144,0.64,64,0.000857088,54661
0,512,262144,0.64,65,0.000858112,54690
0,512,262144,0.64,66,0.000857088,54553
0,512,262144,0.64,67,0.00086528,54545
0,512,262144,0.64,68,0.000852992,54603
0,512,262144,0.64,69,0.000850944,54593
0,512,262144,0.64,70,0.00086016,54752
0,512,262144,0.64,71,0.00086528,54767
0,512,262144,0.64,72,0.00085504,54767
0,512,262144,0.64,73,0.00085504,54776
0,512,262144,0.64,74,0.000857088,54673
0,512,262144,0.64,75,0.00086016,54530
0,512,262144,0.64,76,0.000848896,54562
0,512,262144,0.64,77,0.000858112,54579
0,512,262144,0.64,78,0.000851968,54543
0,512,262144,0.64,79,0.000859136,54710
0,512,262144,0.64,80,0.000856064,54727
0,512,262144,0.64,81,0.000857088,54805
0,512,262144,0.64,82,0.000846848,54543
0,512,262144,0.64,83,0.000856064,54507
0,512,262144,0.64,84,0.000862208,54591
0,512,262144,0.64,85,0.000863232,54790
0,512,262144,0.64,86,0.000857088,54585
0,512,262144,0.64,87,0.000862208,54717
0,512,262144,0.64,88,0.000856064,54660
0,512,262144,0.64,89,0.00084992,54622
0,512,262144,0.64,90,0.00085504,54474
0,512,262144,0.64,91,0.00086016,54585
0,512,262144,0.64,92,0.000851968,54645
0,512,262144,0.64,93,0.000863232,54702
0,512,262144,0.64,94,0.000861184,54627
0,512,262144,0.64,95,0.000863232,54580
0,512,262144,0.64,96,0.000861184,54572
0,512,262144,0.64,97,0.000851968,54542
0,512,262144,0.64,98,0.000852992,54506
0,512,262144,0.64,99,0.00085504,54398
1,512,262144,0.02,0,0.00193126,5226
1,512,262144,0.02,1,0.000766976,4143
1,512,262144,0.02,2,0.000748544,4125
1,512,262144,0.02,3,0.000756736,4128
1,512,262144,0.02,4,0.000755712,4135
1,512,262144,0.02,5,0.00075264,4122
1,512,262144,0.02,6,0.000756736,4113
1,512,262144,0.02,7,0.000746496,4118
1,512,262144,0.02,8,0.000754688,4123
1,512,262144,0.02,9,0.000754688,4096
1,512,262144,0.02,10,0.000749568,4105
1,512,262144,0.02,11,0.000754688,4115
1,512,262144,0.02,12,0.000748544,4076
1,512,262144,0.02,13,0.000755712,4076
1,512,262144,0.02,14,0.00074752,4086
1,512,262144,0.02,15,0.000751616,4083
1,512,262144,0.02,16,0.000754688,4096
1,512,262144,0.02,17,0.000738304,4064
1,512,262144,0.02,18,0.000749568,4068
1,512,262144,0.02,19,0.000750592,4064
1,512,262144,0.02,20,0.000750592,4077
1,512,262144,0.02,21,0.000753664,4067
1,512,262144,0.02,22,0.00074752,4026
1,512,262144,0.02,23,0.000761856,4044
1,512,262144,0.02,24,0.000750592,4030
1,512,262144,0.02,25,0.000749568,4040
1,512,262144,0.02,26,0.00075264,4039
1,512,262144,0.02,27,0.000751616,4041
1,512,262144,0.02,28,0.000751616,4033
1,512,262144,0.02,29,0.000751616,4019
1,512,262144,0.02,30,0.000745472,4011
1,512,262144,0.02,31,0.000741376,4024
1,512,262144,0.02,32,0.000751616,4006
1,512,262144,0.02,33,0.000758784,3995
1,512,262144,0.02,34,0.000771072,3988
1,512,262144,0.02,35,0.000751616,4017
1,512,262144,0.02,36,0.000744448,3986
1,512,262144,0.02,37,0.000745472,3990
1,512,262144,0.02,38,0.000749568,3991
1,512,262144,0.02,39,0.000745472,3984
1,512,262144,0.02,40,0.000755712,3966
1,512,262144,0.02,41,0.000751616,3960
1,512,262144,0.02,42,0.000749568,3956
1,512,262144,0.02,43,0.000746496,3951
1,512,262144,0.02,44,0.000746496,3969
1,512,262144,0.02,45,0.000746496,3957
1,512,262144,0.02,46,0.000750592,3952
1,512,262144,0.02,47,0.000754688,3962
1,512,262144,0.02,48,0.000748544,3960
1,512,262144,0.02,49,0.000751616,3952
1,512,262144,0.02,50,0.000755712,3907
1,512,262144,0.02,51,0.000740352,3952
1,512,262144,0.02,52,0.0007424,3939
1,512,262144,0.02,53,0.00073728,3965
1,512,262144,0.02,54,0.000753664,3925
1,512,262144,0.02,55,0.000749568,3941
1,512,262144,0.02,56,0.000755712,3939
1,512,262144,0.02,57,0.000750592,3915
1,512,262144,0.02,58,0.000749568,3915
1,512,262144,0.02,59,0.000754688,3910
1,512,262144,0.02,60,0.000743424,3903
1,512,262144,0.02,61,0.00076288,3940
1,512,262144,0.02,62,0.000761856,3937
1,512,262144,0.02,63,0.000758784,3898
1,512,262144,0.02,64,0.00075776,3936
1,512,262144,0.02,65,0.000753664,3882
1,512,262144,0.02,66,0.000750592,3930
1,512,262144,0.02,67,0.000749568,3914
1,512,262144,0.02,68,0.000746496,3930
1,512,262144,0.02,69,0.000753664,3905
1,512,262144,0.02,70,0.000753664,3909
1,512,262144,0.02,71,0.000754688,3893
1,512,262144,0.02,72,0.000755712,3941
1,512,262144,0.02,73,0.000753664,3889
1,512,262144,0.02,74,0.0007424,3883
1,512,262144,0.02,75,0.000738304,3882
1,512,262144,0.02,76,0.00074752,3916
1,512,262144,0.02,77,0.000746496,3905
1,512,262144,0.02,78,0.000748544,3901
1,512,262144,0.02,79,0.00073728,3905
1,512,262144,0.02,80,0.000748544,3887
1,512,262144,0.02,81,0.000749568,3880
1,512,262144,0.02,82,0.00075264,3884
1,512,262144,0.02,83,0.000748544,3902
1,512,262144,0.02,84,0.00075264,3876
1,512,262144,0.02,85,0.00075264,3889
1,512,262144,0.02,86,0.000740352,3868
1,512,262144,0.02,87,0.000753664,3878
1,512,262144,0.02,88,0.000745472,3880
1,512,262144,0.02,89,0.000746496,3895
1,512,262144,0.02,90,0.000748544,3884
1,512,262144,0.02,91,0.00074752,3876
1,512,262144,0.02,92,0.000746496,3900
1,512,262144,0.02,93,0.000746496,3895
1,512,262144,0.02,94,0.000751616,3889
1,512,262144,0.02,95,0.000748544,3895
1,512,262144,0.02,96,0.000749568,3900
1,512,262144,0.02,97,0.000745472,3867
1,512,262144,0.02,98,0.000754688,3886
1,512,262144,0.02,99,0.000741376,3875
1,512,262144,0.04,0,0.00198451,10185
1,512,262144,0.04,1,0.000779264,8100
1,512,262144,0.04,2,0.000770048,8011
1,512,262144,0.04,3,0.000775168,8021
1,512,262144,0.04,4,0.000765952,8032
1,512,262144,0.04,5,0.000772096,8020
1,512,262144,0.04,6,0.000756736,8006
1,512,262144,0.04,7,0.000768,8015
1,512,262144,0.04,8,0.000766976,7995
1,512,262144,0.04,9,0.000766976,7980
1,512,262144,0.04,10,0.000768,7979
1,512,262144,0.04,11,0.000759808,8000
1,512,262144,0.04,12,0.000766976,7960
1,512,262144,0.04,13,0.00076288,7963
1,512,262144,0.04,14,0.000758784,7902
1,512,262144,0.04,15,0.00075264,7912
1,512,262144,0.04,16,0.000755712,7869
1,512,262144,0.04,17,0.000750592,7861
1,512,262144,0.04,18,0.000758784,7835
1,512,262144,0.04,19,0.000760832,7839
1,512,262144,0.04,20,0.000753664,7790
1,512,262144,0.04,21,0.00075776,7770
1,512,262144,0.04,22,0.000769024,7748
1,512,262144,0.04,23,0.000763904,7752
1,512,262144,0.04,24,0.000770048,7713
1,512,262144,0.04,25,0.000763904,7692
1,512,262144,0.04,26,0.000759808,7672
1,512,262144,0.04,27,0.000766976,7658
1,512,262144,0.04,28,0.000765952,7654
1,512,262144,0.04,29,0.00074752,7616
1,512,262144,0.04,30,0.000765952,7601
1,512,262144,0.04,31,0.000763904,7641
1,512,262144,0.04,32,0.000760832,7603
1,512,262144,0.04,33,0.000768,7555
1,512,262144,0.04,34,0.000755712,7597
1,512,262144,0.04,35,0.000750592,7545
1,512,262144,0.04,36,0.000758784,7527
1,512,262144,0.04,37,0.000761856,7572
1,512,262144,0.04,38,0.000761856,7533
1,512,262144,0.04,39,0.000755712,7554
1,512,262144,0.04,40,0.000755712,7519
1,512,262144,0.04,41,0.000750592,7513
1,512,262144,0.04,42,0.000759808,7516
1,512,262144,0.04,43,0.000755712,7495
1,512,262144,0.04,44,0.000751616,7497
1,512,262144,0.04,45,0.000755712,7445
1,512,262144,0.04,46,0.000750592,7415
1,512,262144,0.04,47,0.00075264,7445
1,512,262144,0.04,48,0.00075264,7465
1,512,262144,0.04,49,0.000754688,7410
1,512,262144,0.04,50,0.000760832,7414
1,512,262144,0.04,51,0.000756736,7380
1,512,262144,0.04,52,0.000761856,7419
1,512,262144,0.04,53,0.000764928,7417
1,512,262144,0.04,54,0.000753664,7422
1,512,262144,0.04,55,0.000753664,7384
1,512,262144,0.04,56,0.000770048,7436
1,512,262144,0.04,57,0.000755712,7414
1,512,262144,0.04,58,0.000760832,7397
1,512,262144,0.04,59,0.00076288,7381
1,512,262144,0.04,60,0.000760832,7390
1,512,262144,0.04,61,0.000760832,7387
1,512,262144,0.04,62,0.000753664,7399
1,512,262144,0.04,63,0.000755712,7449
1,512,262144,0.04,64,0.000748544,7418
1,512,262144,0.04,65,0.000764928,7377
1,512,262144,0.04,66,0.000748544,7411
1,512,262144,0.04,67,0.000755712,7394
1,512,262144,0.04,68,0.000755712,7379
1,512,262144,0.04,69,0.000753664,7335
1,512,262144,0.04,70,0.000760832,7331
1,512,262144,0.04,71,0.000754688,7368
1,512,262144,0.04,72,0.000771072,7331
1,512,262144,0.04,73,0.000777216,7360
1,512,262144,0.04,74,0.000769024,7324
1,512,262144,0.04,75,0.000761856,7311
1,512,262144,0.04,76,0.000756736,7313
1,512,262144,0.04,77,0.000759808,7329
1,512,262144,0.04,78,0.000754688,7351
1,512,262144,0.04,79,0.000753664,7331
1,512,262144,0.04,80,0.000761856,7297
1,512,262144,0.04,81,0.000758784,7307
1,512,262144,0.04,82,0.000763904,7287
1,512,262144,0.04,83,0.000755712,7296
1,512,262144,0.04,84,0.000764928,7308
1,512,262144,0.04,85,0.00075776,7324
1,512,262144,0.04,86,0.000754688,7293
1,512,262144,0.04,87,0.000760832,7306
1,512,262144,0.04,88,0.00075776,7334
1,512,262144,0.04,89,0.000756736,7322
1,512,262144,0.04,90,0.000753664,7290
1,512,262144,0.04,91,0.000751616,7305
1,512,262144,0.04,92,0.000758784,7342
1,512,262144,0.04,93,0.000754688,7300
1,512,262144,0.04,94,0.000750592,7284
1,512,262144,0.04,95,0.000756736,7290
1,512,262144,0.04,96,0.000759808,7269
1,512,262144,0.04,97,0.000755712,7252
1,512,262144,0.04,98,0.000746496,7334
1,512,262144,0.04,99,0.000751616,7301
1,512,262144,0.08,0,0.00199475,19837
1,512,262144,0.08,1,0.00078848,15695
1,512,262144,0.08,2,0.00078336,15416
1,512,262144,0.08,3,0.00077312,15388
1,512,262144,0.08,4,0.000785408,15441
1,512,262144,0.08,5,0.00077824,15344
1,512,262144,0.08,6,0.000774144,15314
1,512,262144,0.08,7,0.000775168,15260
1,512,262144,0.08,8,0.000770048,15160
1,512,262144,0.08,9,0.000776192,15169
1,512,262144,0.08,10,0.000782336,15080
1,512,262144,0.08,11,0.000776192,15082
1,512,262144,0.08,12,0.000776192,14937
1,512,262144,0.08,13,0.000774144,14842
1,512,262144,0.08,14,0.000777216,14795
1,512,262144,0.08,15,0.000776192,14822
1,512,262144,0.08,16,0.000776192,14709
1,512,262144,0.08,17,0.000775168,14656
1,512,262144,0.08,18,0.000774144,14613
1,512,262144,0.08,19,0.000774144,14543
1,512,262144,0.08,20,0.00077312,14507
1,512,262144,0.08,21,0.000763904,14573
1,512,262144,0.08,22,0.000779264,14414
1,512,262144,0.08,23,0.000772096,14319
1,512,262144,0.08,24,0.000782336,14343
1,512,262144,0.08,25,0.000764928,14321
1,512,262144,0.08,26,0.000775168,14222
1,512,262144,0.08,27,0.000769024,14204
1,512,262144,0.08,28,0.000776192,14134
1,512,262144,0.08,29,0.000784384,14061
1,512,262144,0.08,30,0.000779264,13987
1,512,262144,0.08,31,0.00077312,13988
1,512,262144,0.08,32,0.000775168,14040
1,512,262144,0.08,33,0.000779264,13930
1,512,262144,0.08,34,0.000777216,13854
1,512,262144,0.08,35,0.000774144,13877
1,512,262144,0.08,36,0.000771072,13839
1,512,262144,0.08,37,0.000780288,13822
1,512,262144,0.08,38,0.000781312,13827
1,512,262144,0.08,39,0.00077824,13755
1,512,262144,0.08,40,0.00078336,13805
1,512,262144,0.08,41,0.000790528,13729
1,512,262144,0.08,42,0.000801792,13620
1,512,262144,0.08,43,0.000787456,13622
1,512,262144,0.08,44,0.000771072,13636
1,512,262144,0.08,45,0.000775168,13536
1,512,262144,0.08,46,0.000772096,13539
1,512,262144,0.08,47,0.000768,13508
1,512,262144,0.08,48,0.000774144,13488
1,512,262144,0.08,49,0.00076288,13570
1,512,262144,0.08,50,0.000764928,13455
1,512,262144,0.08,51,0.00077312,13444
1,512,262144,0.08,52,0.000764928,13455
1,512,262144,0.08,53,0.000774144,13492
1,512,262144,0.08,54,0.00077312,13349
1,512,262144,0.08,55,0.000774144,13455
1,512,262144,0.08,56,0.000781312,13391
1,512,262144,0.08,57,0.00077312,13431
1,512,262144,0.08,58,0.000766976,13391
1,512,262144,0.08,59,0.000764928,13341
1,512,262144,0.08,60,0.000763904,13414
1,512,262144,0.08,61,0.000765952,13334
1,512,262144,0.08,62,0.000772096,13273
1,512,262144,0.08,63,0.000765952,13382
1,512,262144,0.08,64,0.000769024,13246
1,512,262144,0.08,65,0.000775168,13294
1,512,262144,0.08,66,0.00077312,13324
1,512,262144,0.08,67,0.000772096,13250
1,512,262144,0.08,68,0.000779264,13310
1,512,262144,0.08,69,0.000772096,13263
1,512,262144,0.08,70,0.000769024,13247
1,512,262144,0.08,71,0.000771072,13255
1,512,262144,0.08,72,0.000769024,13176
1,512,262144,0.08,73,0.000765952,13187
1,512,262144,0.08,74,0.000775168,13259
1,512,262144,0.08,75,0.000769024,13163
1,512,262144,0.08,76,0.000779264,13174
1,512,262144,0.08,77,0.000771072,13183
1,512,262144,0.08,78,0.000777216,13097
1,512,262144,0.08,79,0.00077312,13120
1,512,262144,0.08,80,0.000791552,13223
1,512,262144,0.08,81,0.000781312,13164
1,512,262144,0.08,82,0.000770048,13189
1,512,262144,0.08,83,0.000775168,13178
1,512,262144,0.08,84,0.000768,13194
1,512,262144,0.08,85,0.000771072,13178
1,512,262144,0.08,86,0.000776192,13153
1,512,262144,0.08,87,0.000772096,13171
1,512,262144,0.08,88,0.000775168,13157
1,512,262144,0.08,89,0.000770048,13152
1,512,262144,0.08,90,0.000777216,13114
1,512,262144,0.08,91,0.000787456,13129
1,512,262144,0.08,92,0.000779264,13057
1,512,262144,0.08,93,0.000785408,13089
1,512,262144,0.08,94,0.000780288,13129
1,512,262144,0.08,95,0.00078848,13095
1,512,262144,0.08,96,0.000777216,13030
1,512,262144,0.08,97,0.000777216,13109
1,512,262144,0.08,98,0.000772096,13077
1,512,262144,0.08,99,0.000768,13058
1,512,262144,0.16,0,0.00202138,37352
1,512,262144,0.16,1,0.000812032,29020
1,512,262144,0.16,2,0.000799744,27872
1,512,262144,0.16,3,0.000800768,27776
1,512,262144,0.16,4,0.00078848,27688
1,512,262144,0.16,5,0.00079872,27455
1,512,262144,0.16,6,0.000795648,27170
1,512,262144,0.16,7,0.000800768,26965
1,512,262144,0.16,8,0.00079872,26920
1,512,262144,0.16,9,0.00079872,26750
1,512,262144,0.16,10,0.000801792,26478
1,512,262144,0.16,11,0.000790528,26380
1,512,262144,0.16,12,0.00080896,26321
1,512,262144,0.16,13,0.00082432,26043
1,512,262144,0.16,14,0.0007936,25940
1,512,262144,0.16,15,0.000791552,25815
1,512,262144,0.16,16,0.000806912,25641
1,512,262144,0.16,17,0.000796672,25432
1,512,262144,0.16,18,0.00078848,25153
1,512,262144,0.16,19,0.00078848,25229
1,512,262144,0.16,20,0.00078848,25025
1,512,262144,0.16,21,0.00078848,24905
1,512,262144,0.16,22,0.000796672,24907
1,512,262144,0.16,23,0.000796672,24707
1,512,262144,0.16,24,0.00079872,24562
1,512,262144,0.16,25,0.000796672,24442
1,512,262144,0.16,26,0.000792576,24356
1,512,262144,0.16,27,0.000794624,24272
1,512,262144,0.16,28,0.000795648,24230
1,512,262144,0.16,29,0.000799744,24146
1,512,262144,0.16,30,0.000800768,23969
1,512,262144,0.16,31,0.000790528,23911
1,512,262144,0.16,32,0.000795648,23918
1,512,262144,0.16,33,0.000792576,23831
1,512,262144,0.16,34,0.000802816,23799
1,512,262144,0.16,35,0.00079872,23771
1,512,262144,0.16,36,0.00079872,23668
1,512,262144,0.16,37,0.000795648,23592
1,512,262144,0.16,38,0.000795648,23610
1,512,262144,0.16,39,0.000796672,23535
1,512,262144,0.16,40,0.0007936,23600
1,512,262144,0.16,41,0.000806912,23464
1,512,262144,0.16,42,0.000792576,23427
1,512,262144,0.16,43,0.000790528,23496
1,512,262144,0.16,44,0.000785408,23298
1,512,262144,0.16,45,0.000784384,23274
1,512,262144,0.16,46,0.000792576,23154
1,512,262144,0.16,47,0.000794624,23127
1,512,262144,0.16,48,0.000795648,23202
1,512,262144,0.16,49,0.000801792,23118
1,512,262144,0.16,50,0.00079872,23068
1,512,262144,0.16,51,0.000796672,23058
1,512,262144,0.16,52,0.000795648,23110
1,512,262144,0.16,53,0.000792576,22933
1,512,262144,0.16,54,0.000784384,22995
1,512,262144,0.16,55,0.000790528,23047
1,512,262144,0.16,56,0.000784384,22960
1,512,262144,0.16,57,0.000796672,22857
1,512,262144,0.16,58,0.00079872,22932
1,512,262144,0.16,59,0.000797696,22819
1,512,262144,0.16,60,0.000794624,22773
1,512,262144,0.16,61,0.000796672,22997
1,512,262144,0.16,62,0.000799744,22898
1,512,262144,0.16,63,0.000796672,22757
1,512,262144,0.16,64,0.000795648,22735
1,512,262144,0.16,65,0.000789504,22704
1,512,262144,0.16,66,0.00079872,22927
1,512,262144,0.16,67,0.000789504,22735
1,512,262144,0.16,68,0.00078848,22729
1,512,262144,0.16,69,0.000780288,22765
1,512,262144,0.16,70,0.000790528,22686
1,512,262144,0.16,71,0.00079872,22577
1,512,262144,0.16,72,0.000794624,22638
1,512,262144,0.16,73,0.000791552,22669
1,512,262144,0.16,74,0.000785408,22658
1,512,262144,0.16,75,0.00078848,22556
1,512,262144,0.16,76,0.000791552,22712
1,512,262144,0.16,77,0.00078848,22594
1,512,262144,0.16,78,0.000789504,22545
1,512,262144,0.16,79,0.000792576,22632
1,512,262144,0.16,80,0.000787456,22638
1,512,262144,0.16,81,0.000785408,22428
1,512,262144,0.16,82,0.00078848,22527
1,512,262144,0.16,83,0.000794624,22519
1,512,262144,0.16,84,0.000789504,22470
1,512,262144,0.16,85,0.00078336,22574
1,512,262144,0.16,86,0.000781312,22374
1,512,262144,0.16,87,0.0007936,22552
1,512,262144,0.16,88,0.00078848,22454
1,512,262144,0.16,89,0.000776192,22463
1,512,262144,0.16,90,0.000790528,22479
1,512,262144,0.16,91,0.000795648,22458
1,512,262144,0.16,92,0.00079872,22470
1,512,262144,0.16,93,0.000797696,22570
1,512,262144,0.16,94,0.000800768,22393
1,512,262144,0.16,95,0.000792576,22525
1,512,262144,0.16,96,0.000785408,22512
1,512,262144,0.16,97,0.00078336,22491
1,512,262144,0.16,98,0.000789504,22396
1,512,262144,0.16,99,0.000792576,22530
1,512,262144,0.32,0,0.00206131,63368
1,512,262144,0.32,1,0.000840704,47571
1,512,262144,0.32,2,0.00083456,44076
1,512,262144,0.32,3,0.000816128,43064
1,512,262144,0.32,4,0.00083968,42293
1,512,262144,0.32,5,0.000832512,41847
1,512,262144,0.32,6,0.000821248,41354
1,512,262144,0.32,7,0.000838656,41345
1,512,262144,0.32,8,0.000827392,41011
1,512,262144,0.32,9,0.000818176,40848
1,512,262144,0.32,10,0.000822272,40569
1,512,262144,0.32,11,0.000820224,40370
1,512,262144,0.32,12,0.000823296,40059
1,512,262144,0.32,13,0.000825344,40051
1,512,262144,0.32,14,0.000822272,39729
1,512,262144,0.32,15,0.000820224,39555
1,512,262144,0.32,16,0.000821248,39253
1,512,262144,0.32,17,0.000820224,39348
1,512,262144,0.32,18,0.0008192,39159
1,512,262144,0.32,19,0.000820224,38917
1,512,262144,0.32,20,0.000821248,38880
1,512,262144,0.32,21,0.000828416,38602
1,512,262144,0.32,22,0.00083968,38418
1,512,262144,0.32,23,0.0008192,38457
1,512,262144,0.32,24,0.00082432,38124
1,512,262144,0.32,25,0.000822272,38021
1,512,262144,0.32,26,0.000815104,38013
1,512,262144,0.32,27,0.000827392,37846
1,512,262144,0.32,28,0.000826368,37814
1,512,262144,0.32,29,0.000815104,37563
1,512,262144,0.32,30,0.000826368,37676
1,512,262144,0.32,31,0.000823296,37520
1,512,262144,0.32,32,0.000825344,37461
1,512,262144,0.32,33,0.000817152,37308
1,512,262144,0.32,34,0.000821248,37397
1,512,262144,0.32,35,0.000820224,37298
1,512,262144,0.32,36,0.000818176,37127
1,512,262144,0.32,37,0.000817152,37065
1,512,262144,0.32,38,0.000817152,36918
1,512,262144,0.32,39,0.0008192,36912
1,512,262144,0.32,40,0.000821248,36851
1,512,262144,0.32,41,0.000813056,36783
1,512,262144,0.32,42,0.000818176,36831
1,512,262144,0.32,43,0.000818176,36703
1,512,262144,0.32,44,0.000821248,36546
1,512,262144,0.32,45,0.000818176,36710
1,512,262144,0.32,46,0.000817152,36538
1,512,262144,0.32,47,0.000817152,36473
1,512,262144,0.32,48,0.000809984,36387
1,512,262144,0.32,49,0.0008192,36365
1,512,262144,0.32,50,0.000813056,36279
1,512,262144,0.32,51,0.000816128,36178
1,512,262144,0.32,52,0.000816128,36297
1,512,262144,0.32,53,0.0008192,36288
1,512,262144,0.32,54,0.0008192,36240
1,512,262144,0.32,55,0.000820224,36152
1,512,262144,0.32,56,0.000832512,36263
1,512,262144,0.32,57,0.000817152,36140
1,512,262144,0.32,58,0.000806912,36050
1,512,262144,0.32,59,0.000804864,36236
1,512,262144,0.32,60,0.000813056,35906
1,512,262144,0.32,61,0.000817152,36029
1,512,262144,0.32,62,0.000823296,35975
1,512,262144,0.32,63,0.000811008,35984
1,512,262144,0.32,64,0.000818176,35861
1,512,262144,0.32,65,0.00080896,35947
1,512,262144,0.32,66,0.000817152,35725
1,512,262144,0.32,67,0.000816128,35812
1,512,262144,0.32,68,0.000818176,35723
1,512,262144,0.32,69,0.00081408,35801
1,512,262144,0.32,70,0.000813056,35891
1,512,262144,0.32,71,0.000821248,35843
1,512,262144,0.32,72,0.00082432,35719
1,512,262144,0.32,73,0.000816128,35768
1,512,262144,0.32,74,0.000805888,35698
1,512,262144,0.32,75,0.000812032,35711
1,512,262144,0.32,76,0.00081408,35598
1,512,262144,0.32,77,0.000813056,35590
1,512,262144,0.32,78,0.000811008,35764
1,512,262144,0.32,79,0.000807936,35802
1,512,262144,0.32,80,0.000809984,35653
1,512,262144,0.32,81,0.000820224,35570
1,512,262144,0.32,82,0.00081408,35608
1,512,262144,0.32,83,0.000812032,35523
1,512,262144,0.32,84,0.000812032,35506
1,512,262144,0.32,85,0.00081408,35660
1,512,262144,0.32,86,0.000820224,35640
1,512,262144,0.32,87,0.0008192,35608
1,512,262144,0.32,88,0.000816128,35503
1,512,262144,0.32,89,0.000813056,35578
1,512,262144,0.32,90,0.000820224,35622
1,512,262144,0.32,91,0.000813056,35494
1,512,262144,0.32,92,0.000816128,35797
1,512,262144,0.32,93,0.000813056,35555
1,512,262144,0.32,94,0.000815104,35552
1,512,262144,0.32,95,0.000812032,35397
1,512,262144,0.32,96,0.000820224,35556
1,512,262144,0.32,97,0.000820224,35610
1,512,262144,0.32,98,0.000817152,35588
1,512,262144,0.32,99,0.000816128,35420
1,512,262144,0.64,0,0.00209613,77757
1,512,262144,0.64,1,0.000914432,70610
1,512,262144,0.64,2,0.000879616,58853
1,512,262144,0.64,3,0.000867328,54459
1,512,262144,0.64,4,0.000869376,53581
1,512,262144,0.64,5,0.000862208,53554
1,512,262144,0.64,6,0.000869376,53543
1,512,262144,0.64,7,0.00085504,53513
1,512,262144,0.64,8,0.000862208,53308
1,512,262144,0.64,9,0.000857088,53361
1,512,262144,0.64,10,0.000861184,53506
1,512,262144,0.64,11,0.000859136,53688
1,512,262144,0.64,12,0.000862208,53694
1,512,262144,0.64,13,0.000861184,53687
1,512,262144,0.64,14,0.000857088,53500
1,512,262144,0.64,15,0.000854016,53504
1,512,262144,0.64,16,0.000851968,53550
1,512,262144,0.64,17,0.00084992,53578
1,512,262144,0.64,18,0.000857088,53834
1,512,262144,0.64,19,0.000854016,53705
1,512,262144,0.64,20,0.00085504,53728
1,512,262144,0.64,21,0.000863232,53568
1,512,262144,0.64,22,0.000856064,53736
1,512,262144,0.64,23,0.00086528,53749
1,512,262144,0.64,24,0.000861184,53772
1,512,262144,0.64,25,0.00086528,53827
1,512,262144,0.64,26,0.000854016,53708
1,512,262144,0.64,27,0.00085504,53822
1,512,262144,0.64,28,0.00086016,53781
1,512,262144,0.64,29,0.000854016,53721
1,512,262144,0.64,30,0.000857088,53646
1,512,262144,0.64,31,0.000848896,53752
1,512,262144,0.64,32,0.000852992,53646
1,512,262144,0.64,33,0.000881664,53796
1,512,262144,0.64,34,0.000862208,53676
1,512,262144,0.64,35,0.000859136,53812
1,512,262144,0.64,36,0.000857088,53771
1,512,262144,0.64,37,0.000856064,53783
1,512,262144,0.64,38,0.00085504,53619
1,512,262144,0.64,39,0.000857088,53545
1,512,262144,0.64,40,0.00084992,53691
1,512,262144,0.64,41,0.000861184,53798
1,512,262144,0.64,42,0.000859136,53876
1,512,262144,0.64,43,0.000854016,53744
1,512,262144,0.64,44,0.000854016,53764
1,512,262144,0.64,45,0.00084992,53808
1,512,262144,0.64,46,0.000857088,53806
1,512,262144,0.64,47,0.00084992,53697
1,512,262144,0.64,48,0.000851968,53700
1,512,262144,0.64,49,0.000854016,53819
1,512,262144,0.64,50,0.000847872,53820
1,512,262144,0.64,51,0.000845824,53610
1,512,262144,0.64,52,0.000848896,53732
1,512,262144,0.64,53,0.00085504,53929
1,512,262144,0.64,54,0.00085504,53705
1,512,262144,0.64,55,0.000854016,53696
1,512,262144,0.64,56,0.000848896,53619
1,512,262144,0.64,57,0.000850944,53809
1,512,262144,0.64,58,0.000852992,53786
1,512,262144,0.64,59,0.000862208,53688
1,512,262144,0.64,60,0.000856064,53645
1,512,262144,0.64,61,0.00084992,53629
1,512,262144,0.64,62,0.000862208,53594
1,512,262144,0.64,63,0.00085504,53763
1,512,262144,0.64,64,0.000846848,53737
1,512,262144,0.64,65,0.00085504,53712
1,512,262144,0.64,66,0.000854016,53831
1,512,262144,0.64,67,0.00085504,53863
1,512,262144,0.64,68,0.000859136,53731
1,512,262144,0.64,69,0.000845824,53841
1,512,262144,0.64,70,0.000858112,53780
1,512,262144,0.64,71,0.000858112,53588
1,512,262144,0.64,72,0.000857088,53728
1,512,262144,0.64,73,0.00085504,53550
1,512,262144,0.64,74,0.00086016,53522
1,512,262144,0.64,75,0.00085504,53474
1,512,262144,0.64,76,0.000863232,53652
1,512,262144,0.64,77,0.00085504,53582
1,512,262144,0.64,78,0.000852992,53639
1,512,262144,0.64,79,0.000852992,53824
1,512,262144,0.64,80,0.00085504,53851
1,512,262144,0.64,81,0.000858112,53579
1,512,262144,0.64,82,0.000850944,53552
1,512,262144,0.64,83,0.000852992,53685
1,512,262144,0.64,84,0.000851968,53658
1,512,262144,0.64,85,0.000854016,53642
1,512,262144,0.64,86,0.000850944,53616
1,512,262144,0.64,87,0.000850944,53453
1,512,262144,0.64,88,0.00084992,53577
1,512,262144,0.64,89,0.000848896,53650
1,512,262144,0.64,90,0.000848896,53734
1,512,262144,0.64,91,0.000852992,53696
1,512,262144,0.64,92,0.000850944,53470
1,512,262144,0.64,93,0.000852992,53606
1,512,262144,0.64,94,0.00086016,53629
1,512,262144,0.64,95,0.000854016,53657
1,512,262144,0.64,96,0.00085504,53687
1,512,262144,0.64,97,0.00086016,53691
1,512,262144,0.64,98,0.000866304,53573
1,512,262144,0.64,99,0.000851968,53554
2,512,262144,0.02,0,0.00193638,5105
2,512,262144,0.02,1,0.000759808,4159
2,512,262144,0.02,2,0.000751616,4155
2,512,262144,0.02,3,0.000756736,4148
2,512,262144,0.02,4,0.00075264,4158
2,512,262144,0.02,5,0.000754688,4152
2,512,262144,0.02,6,0.000754688,4158
2,512,262144,0.02,7,0.000748544,4155
2,512,262144,0.02,8,0.00074752,4143
2,512,262144,0.02,9,0.000748544,4152
2,512,262144,0.02,10,0.000756736,4148
2,512,262144,0.02,11,0.00074752,4143
2,512,262144,0.02,12,0.000751616,4149
2,512,262144,0.02,13,0.000751616,4132
2,512,262144,0.02,14,0.00074752,4136
2,512,262144,0.02,15,0.000749568,4111
2,512,262144,0.02,16,0.000787456,4116
2,512,262144,0.02,17,0.000756736,4114
2,512,262144,0.02,18,0.00075264,4089
2,512,262144,0.02,19,0.000748544,4100
2,512,262144,0.02,20,0.000745472,4076
2,512,262144,0.02,21,0.000741376,4105
2,512,262144,0.02,22,0.000754688,4088
2,512,262144,0.02,23,0.000758784,4091
2,512,262144,0.02,24,0.000746496,4082
2,512,262144,0.02,25,0.000750592,4059
2,512,262144,0.02,26,0.000749568,4059
2,512,262144,0.02,27,0.000753664,4053
2,512,262144,0.02,28,0.000740352,4069
2,512,262144,0.02,29,0.000750592,4062
2,512,262144,0.02,30,0.000749568,4049
2,512,262144,0.02,31,0.000743424,4049
2,512,262144,0.02,32,0.00075264,4036
2,512,262144,0.02,33,0.000754688,4039
2,512,262144,0.02,34,0.000758784,4019
2,512,262144,0.02,35,0.000746496,4016
2,512,262144,0.02,36,0.000751616,4028
2,512,262144,0.02,37,0.00073728,4009
2,512,262144,0.02,38,0.000750592,4012
2,512,262144,0.02,39,0.00074752,4013
2,512,262144,0.02,40,0.000750592,4020
2,512,262144,0.02,41,0.00075264,3992
2,512,262144,0.02,42,0.000753664,3971
2,512,262144,0.02,43,0.000748544,3971
2,512,262144,0.02,44,0.000748544,4008
2,512,262144,0.02,45,0.000748544,3993
2,512,262144,0.02,46,0.000744448,3987
2,512,262144,0.02,47,0.000744448,3985
2,512,262144,0.02,48,0.00075776,3947
2,512,262144,0.02,49,0.000750592,3956
2,512,262144,0.02,50,0.000744448,3976
2,512,262144,0.02,51,0.000746496,3966
2,512,262144,0.02,52,0.0007424,3960
2,512,262144,0.02,53,0.000745472,3948
2,512,262144,0.02,54,0.000754688,3987
2,512,262144,0.02,55,0.000751616,3949
2,512,262144,0.02,56,0.000755712,3952
2,512,262144,0.02,57,0.000745472,3949
2,512,262144,0.02,58,0.000749568,3963
2,512,262144,0.02,59,0.00074752,3955
2,512,262144,0.02,60,0.000749568,3944
2,512,262144,0.02,61,0.000746496,3941
2,512,262144,0.02,62,0.000746496,3959
2,512,262144,0.02,63,0.000754688,3919
2,512,262144,0.02,64,0.000745472,3899
2,512,262144,0.02,65,0.00074752,3927
2,512,262144,0.02,66,0.0007424,3947
2,512,262144,0.02,67,0.000745472,3921
2,512,262144,0.02,68,0.000750592,3963
2,512,262144,0.02,69,0.000748544,3935
2,512,262144,0.02,70,0.00075264,3942
2,512,262144,0.02,71,0.000750592,3974
2,512,262144,0.02,72,0.000749568,3944
2,512,262144,0.02,73,0.000748544,3938
2,512,262144,0.02,74,0.000743424,3934
2,512,262144,0.02,75,0.00073728,3928
2,512,262144,0.02,76,0.000751616,3902
2,512,262144,0.02,77,0.000746496,3954
2,512,262144,0.02,78,0.000750592,3917
2,512,262144,0.02,79,0.000741376,3923
2,512,262144,0.02,80,0.00074752,3920
2,512,262144,0.02,81,0.00074752,3896
2,512,262144,0.02,82,0.000740352,3927
2,512,262144,0.02,83,0.000746496,3919
2,512,262144,0.02,84,0.000743424,3918
2,512,262144,0.02,85,0.000743424,3892
2,512,262144,0.02,86,0.000746496,3898
2,512,262144,0.02,87,0.00075264,3933
2,512,262144,0.02,88,0.000748544,3889
2,512,262144,0.02,89,0.000750592,3880
2,512,262144,0.02,90,0.000750592,3914
2,512,262144,0.02,91,0.000746496,3934
2,512,262144,0.02,92,0.000748544,3904
2,512,262144,0.02,93,0.000743424,3906
2,512,262144,0.02,94,0.000750592,3919
2,512,262144,0.02,95,0.000754688,3910
2,512,262144,0.02,96,0.000741376,3920
2,512,262144,0.02,97,0.00075264,3915
2,512,262144,0.02,98,0.0007424,3908
2,512,262144,0.02,99,0.000749568,3918
2,512,262144,0.04,0,0.00194867,10032
2,512,262144,0.04,1,0.000776192,8262
2,512,262144,0.04,2,0.000779264,8186
2,512,262144,0.04,3,0.000760832,8190
2,512,262144,0.04,4,0.000768,8192
2,512,262144,0.04,5,0.000771072,8210
2,512,262144,0.04,6,0.000759808,8206
2,512,262144,0.04,7,0.000766976,8163
2,512,262144,0.04,8,0.000764928,8175
2,512,262144,0.04,9,0.000761856,8154
2,512,262144,0.04,10,0.000771072,8151
2,512,262144,0.04,11,0.00076288,8098
2,512,262144,0.04,12,0.000766976,8122
2,512,262144,0.04,13,0.000766976,8082
2,512,262144,0.04,14,0.000765952,8058
2,512,262144,0.04,15,0.000761856,8050
2,512,262144,0.04,16,0.00076288,8038
2,512,262144,0.04,17,0.000758784,8022
2,512,262144,0.04,18,0.00075776,7977
2,512,262144,0.04,19,0.000761856,7941
2,512,262144,0.04,20,0.000759808,7923
2,512,262144,0.04,21,0.000759808,7902
2,512,262144,0.04,22,0.000765952,7934
2,512,262144,0.04,23,0.000763904,7847
2,512,262144,0.04,24,0.000765952,7857
2,512,262144,0.04,25,0.000751616,7827
2,512,262144,0.04,26,0.000756736,7849
2,512,262144,0.04,27,0.000764928,7801
2,512,262144,0.04,28,0.000768,7806
2,512,262144,0.04,29,0.000763904,7746
2,512,262144,0.04,30,0.000759808,7761
2,512,262144,0.04,31,0.000770048,7750
2,512,262144,0.04,32,0.000768,7730
2,512,262144,0.04,33,0.000769024,7712
2,512,262144,0.04,34,0.000761856,7731
2,512,262144,0.04,35,0.000759808,7716
2,512,262144,0.04,36,0.000758784,7707
2,512,262144,0.04,37,0.000760832,7677
2,512,262144,0.04,38,0.000758784,7653
2,512,262144,0.04,39,0.000763904,7702
2,512,262144,0.04,40,0.000760832,7666
2,512,262144,0.04,41,0.000768,7650
2,512,262144,0.04,42,0.000761856,7620
2,512,262144,0.04,43,0.000759808,7637
2,512,262144,0.04,44,0.000766976,7588
2,512,262144,0.04,45,0.000761856,7640
2,512,262144,0.04,46,0.000756736,7618
2,512,262144,0.04,47,0.000754688,7589
2,512,262144,0.04,48,0.000756736,7589
2,512,262144,0.04,49,0.00076288,7586
2,512,262144,0.04,50,0.000758784,7592
2,512,262144,0.04,51,0.000764928,7552
2,512,262144,0.04,52,0.000761856,7537
2,512,262144,0.04,53,0.000761856,7542
2,512,262144,0.04,54,0.000765952,7595
2,512,262144,0.04,55,0.000759808,7543
2,512,262144,0.04,56,0.000758784,7570
2,512,262144,0.04,57,0.000755712,7484
2,512,262144,0.04,58,0.000760832,7481
2,512,262144,0.04,59,0.000760832,7521
2,512,262144,0.04,60,0.000760832,7540
2,512,262144,0.04,61,0.00076288,7528
2,512,262144,0.04,62,0.000764928,7514
2,512,262144,0.04,63,0.000765952,7488
2,512,262144,0.04,64,0.00076288,7496
2,512,262144,0.04,65,0.000760832,7489
2,512,262144,0.04,66,0.000761856,7493
2,512,262144,0.04,67,0.00075776,7518
2,512,262144,0.04,68,0.000760832,7472
2,512,262144,0.04,69,0.000760832,7486
2,512,262144,0.04,70,0.000763904,7378
2,512,262144,0.04,71,0.00075776,7445
2,512,262144,0.04,72,0.000759808,7467
2,512,262144,0.04,73,0.000755712,7446
2,512,262144,0.04,74,0.000751616,7471
2,512,262144,0.04,75,0.000760832,7482
2,512,262144,0.04,76,0.000764928,7472
2,512,262144,0.04,77,0.000766976,7415
2,512,262144,0.04,78,0.000764928,7418
2,512,262144,0.04,79,0.00075776,7483
2,512,262144,0.04,80,0.000769024,7440
2,512,262144,0.04,81,0.00075776,7465
2,512,262144,0.04,82,0.000758784,7493
2,512,262144,0.04,83,0.00075776,7433
2,512,262144,0.04,84,0.000764928,7442
2,512,262144,0.04,85,0.000761856,7438
2,512,262144,0.04,86,0.00075776,7409
2,512,262144,0.04,87,0.000769024,7406
2,512,262144,0.04,88,0.00076288,7425
2,512,262144,0.04,89,0.000775168,7377
2,512,262144,0.04,90,0.00077824,7389
2,512,262144,0.04,91,0.00078848,7396
2,512,262144,0.04,92,0.000777216,7435
2,512,262144,0.04,93,0.000763904,7400
2,512,262144,0.04,94,0.00075776,7400
2,512,262144,0.04,95,0.000756736,7400
2,512,262144,0.04,96,0.000758784,7432
2,512,262144,0.04,97,0.000759808,7425
2,512,262144,0.04,98,0.000755712,7349
2,512,262144,0.04,99,0.000754688,7365
2,512,262144,0.08,0,0.0019753,19532
2,512,262144,0.08,1,0.000794624,15671
2,512,262144,0.08,2,0.000787456,15462
2,512,262144,0.08,3,0.000780288,15450
2,512,262144,0.08,4,0.000780288,15486
2,512,262144,0.08,5,0.000781312,15392
2,512,262144,0.08,6,0.00077824,15325
2,512,262144,0.08,7,0.00078848,15258
2,512,262144,0.08,8,0.000786432,15202
2,512,262144,0.08,9,0.000779264,15169
2,512,262144,0.08,10,0.000768,15094
2,512,262144,0.08,11,0.000766976,15002
2,512,262144,0.08,12,0.000780288,14982
2,512,262144,0.08,13,0.000776192,14959
2,512,262144,0.08,14,0.000786432,14770
2,512,262144,0.08,15,0.000770048,14702
2,512,262144,0.08,16,0.000780288,14706
2,512,262144,0.08,17,0.000777216,14702
2,512,262144,0.08,18,0.000781312,14588
2,512,262144,0.08,19,0.00078848,14494
2,512,262144,0.08,20,0.000768,14519
2,512,262144,0.08,21,0.000779264,14421
2,512,262144,0.08,22,0.000772096,14379
2,512,262144,0.08,23,0.000779264,14395
2,512,262144,0.08,24,0.00077312,14247
2,512,262144,0.08,25,0.000779264,14277
2,512,262144,0.08,26,0.000776192,14199
2,512,262144,0.08,27,0.000780288,14093
2,512,262144,0.08,28,0.000775168,14085
2,512,262144,0.08,29,0.000780288,14018
2,512,262144,0.08,30,0.000776192,14010
2,512,262144,0.08,31,0.000776192,13921
2,512,262144,0.08,32,0.000785408,13972
2,512,262144,0.08,33,0.000779264,13937
2,512,262144,0.08,34,0.000787456,13904
2,512,262144,0.08,35,0.000782336,13867
2,512,262144,0.08,36,0.000772096,13829
2,512,262144,0.08,37,0.00077312,13753
2,512,262144,0.08,38,0.000777216,13703
2,512,262144,0.08,39,0.000777216,13701
2,512,262144,0.08,40,0.000777216,13719
2,512,262144,0.08,41,0.000770048,13676
2,512,262144,0.08,42,0.00078336,13637
2,512,262144,0.08,43,0.00077312,13658
2,512,262144,0.08,44,0.000779264,13595
2,512,262144,0.08,45,0.00077824,13606
2,512,262144,0.08,46,0.000768,13521
2,512,262144,0.08,47,0.000777216,13522
2,512,262144,0.08,48,0.000765952,13533
2,512,262144,0.08,49,0.00077312,13470
2,512,262144,0.08,50,0.000787456,13540
2,512,262144,0.08,51,0.000776192,13505
2,512,262144,0.08,52,0.000771072,13479
2,512,262144,0.08,53,0.00077824,13397
2,512,262144,0.08,54,0.000775168,13481
2,512,262144,0.08,55,0.000768,13408
2,512,262144,0.08,56,0.000775168,13348
2,512,262144,0.08,57,0.000771072,13375
2,512,262144,0.08,58,0.000782336,13337
2,512,262144,0.08,59,0.000774144,13382
2,512,262144,0.08,60,0.000774144,13366
2,512,262144,0.08,61,0.000770048,13298
2,512,262144,0.08,62,0.000775168,13356
2,512,262144,0.08,63,0.00077312,13326
2,512,262144,0.08,64,0.000770048,13287
2,512,262144,0.08,65,0.000769024,13319
2,512,262144,0.08,66,0.000774144,13274
2,512,262144,0.08,67,0.000774144,13372
2,512,262144,0.08,68,0.000775168,13277
2,512,262144,0.08,69,0.000777216,13239
2,512,262144,0.08,70,0.00077312,13188
2,512,262144,0.08,71,0.000776192,13238
2,512,262144,0.08,72,0.000764928,13274
2,512,262144,0.08,73,0.000765952,13272
2,512,262144,0.08,74,0.000765952,13203
2,512,262144,0.08,75,0.000770048,13281
2,512,262144,0.08,76,0.000770048,13273
2,512,262144,0.08,77,0.000770048,13162
2,512,262144,0.08,78,0.000781312,13181
2,512,262144,0.08,79,0.00077312,13211
2,512,262144,0.08,80,0.00078848,13185
2,512,262144,0.08,81,0.000768,13144
2,512,262144,0.08,82,0.000763904,13188
2,512,262144,0.08,83,0.000771072,13200
2,512,262144,0.08,84,0.000780288,13159
2,512,262144,0.08,85,0.000770048,13098
2,512,262144,0.08,86,0.000775168,13120
2,512,262144,0.08,87,0.000780288,13065
2,512,262144,0.08,88,0.00077824,13114
2,512,262144,0.08,89,0.000771072,13163
2,512,262144,0.08,90,0.000775168,13148
2,512,262144,0.08,91,0.000760832,13159
2,512,262144,0.08,92,0.000770048,13156
2,512,262144,0.08,93,0.000763904,13058
2,512,262144,0.08,94,0.000780288,13079
2,512,262144,0.08,95,0.000784384,13073
2,512,262144,0.08,96,0.000786432,13027
2,512,262144,0.08,97,0.000787456,13066
2,512,262144,0.08,98,0.00078848,13134
2,512,262144,0.08,99,0.00078336,13104
2,512,262144,0.16,0,0.00202547,36933
2,512,262144,0.16,1,0.000811008,29144
2,512,262144,0.16,2,0.000806912,28181
2,512,262144,0.16,3,0.000791552,28101
2,512,262144,0.16,4,0.000795648,27907
2,512,262144,0.16,5,0.000799744,27730
2,512,262144,0.16,6,0.000799744,27483
2,512,262144,0.16,7,0.000802816,27245
2,512,262144,0.16,8,0.00079872,27064
2,512,262144,0.16,9,0.0007936,27062
2,512,262144,0.16,10,0.000795648,26825
2,512,262144,0.16,11,0.000789504,26600
2,512,262144,0.16,12,0.000790528,26368
2,512,262144,0.16,13,0.000786432,26241
2,512,262144,0.16,14,0.000795648,26206
2,512,262144,0.16,15,0.000792576,26010
2,512,262144,0.16,16,0.000802816,25930
2,512,262144,0.16,17,0.0007936,25682
2,512,262144,0.16,18,0.000795648,25597
2,512,262144,0.16,19,0.000791552,25421
2,512,262144,0.16,20,0.000796672,25258
2,512,262144,0.16,21,0.000787456,25206
2,512,262144,0.16,22,0.000792576,25056
2,512,262144,0.16,23,0.000795648,24921
2,512,262144,0.16,24,0.000796672,24847
2,512,262144,0.16,25,0.0007936,24776
2,512,262144,0.16,26,0.000799744,24654
2,512,262144,0.16,27,0.000800768,24461
2,512,262144,0.16,28,0.00079872,24431
2,512,262144,0.16,29,0.000799744,24435
2,512,262144,0.16,30,0.000797696,24352
2,512,262144,0.16,31,0.000792576,24242
2,512,262144,0.16,32,0.000796672,24213
2,512,262144,0.16,33,0.000796672,23948
2,512,262144,0.16,34,0.00078336,24107
2,512,262144,0.16,35,0.000785408,23957
2,512,262144,0.16,36,0.000792576,23874
2,512,262144,0.16,37,0.000794624,23903
2,512,262144,0.16,38,0.000791552,23731
2,512,262144,0.16,39,0.000797696,23722
2,512,262144,0.16,40,0.00079872,23739
2,512,262144,0.16,41,0.000813056,23558
2,512,262144,0.16,42,0.000795648,23604
2,512,262144,0.16,43,0.000790528,23594
2,512,262144,0.16,44,0.000799744,23492
2,512,262144,0.16,45,0.000800768,23473
2,512,262144,0.16,46,0.000787456,23376
2,512,262144,0.16,47,0.00078848,23388
2,512,262144,0.16,48,0.000785408,23394
2,512,262144,0.16,49,0.000796672,23269
2,512,262144,0.16,50,0.00078848,23204
2,512,262144,0.16,51,0.000782336,23265
2,512,262144,0.16,52,0.000804864,23253
2,512,262144,0.16,53,0.000792576,23302
2,512,262144,0.16,54,0.000782336,23248
2,512,262144,0.16,55,0.000789504,23073
2,512,262144,0.16,56,0.00079872,23105
2,512,262144,0.16,57,0.000792576,23010
2,512,262144,0.16,58,0.00078848,23114
2,512,262144,0.16,59,0.000795648,23047
2,512,262144,0.16,60,0.000786432,23206
2,512,262144,0.16,61,0.000792576,23045
2,512,262144,0.16,62,0.000797696,23071
2,512,262144,0.16,63,0.000789504,23013
2,512,262144,0.16,64,0.000789504,23052
2,512,262144,0.16,65,0.00078848,22980
2,512,262144,0.16,66,0.000792576,23012
2,512,262144,0.16,67,0.000791552,22887
2,512,262144,0.16,68,0.000795648,22961
2,512,262144,0.16,69,0.0007936,22844
2,512,262144,0.16,70,0.000802816,22878
2,512,262144,0.16,71,0.000796672,22718
2,512,262144,0.16,72,0.000796672,22836
2,512,262144,0.16,73,0.000807936,22769
2,512,262144,0.16,74,0.000785408,22899
2,512,262144,0.16,75,0.000792576,22793
2,512,262144,0.16,76,0.000807936,22791
2,512,262144,0.16,77,0.000805888,22831
2,512,262144,0.16,78,0.000791552,22636
2,512,262144,0.16,79,0.00078336,22786
2,512,262144,0.16,80,0.0007936,22851
2,512,262144,0.16,81,0.000792576,22762
2,512,262144,0.16,82,0.000782336,22678
2,512,262144,0.16,83,0.000791552,22682
2,512,262144,0.16,84,0.000796672,22622
2,512,262144,0.16,85,0.00079872,22646
2,512,262144,0.16,86,0.000794624,22802
2,512,262144,0.16,87,0.000796672,22568
2,512,262144,0.16,88,0.000797696,22619
2,512,262144,0.16,89,0.000787456,22620
2,512,262144,0.16,90,0.000787456,22673
2,512,262144,0.16,91,0.000792576,22673
2,512,262144,0.16,92,0.000791552,22539
2,512,262144,0.16,93,0.00078336,22480
2,512,262144,0.16,94,0.000787456,22727
2,512,262144,0.16,95,0.000774144,22523
2,512,262144,0.16,96,0.000790528,22632
2,512,262144,0.16,97,0.000796672,22560
2,512,262144,0.16,98,0.000806912,22493
2,512,262144,0.16,99,0.000789504,22636
2,512,262144,0.32,0,0.00205722,63099
2,512,262144,0.32,1,0.000859136,48422
2,512,262144,0.32,2,0.000832512,45096
2,512,262144,0.32,3,0.000832512,44021
2,512,262144,0.32,4,0.000831488,43399
2,512,262144,0.32,5,0.000833536,42911
2,512,262144,0.32,6,0.00082432,42578
2,512,262144,0.32,7,0.000827392,42504
2,512,262144,0.32,8,0.000826368,41991
2,512,262144,0.32,9,0.000823296,41964
2,512,262144,0.32,10,0.00083456,41509
2,512,262144,0.32,11,0.000832512,41308
2,512,262144,0.32,12,0.000826368,41184
2,512,262144,0.32,13,0.000828416,40903
2,512,262144,0.32,14,0.00082944,40751
2,512,262144,0.32,15,0.000823296,40569
2,512,262144,0.32,16,0.000826368,40312
2,512,262144,0.32,17,0.000825344,40153
2,512,262144,0.32,18,0.00082432,39965
2,512,262144,0.32,19,0.000833536,39687
2,512,262144,0.32,20,0.000828416,39610
2,512,262144,0.32,21,0.000831488,39575
2,512,262144,0.32,22,0.00082432,39356
2,512,262144,0.32,23,0.000823296,39255
2,512,262144,0.32,24,0.00082432,39114
2,512,262144,0.32,25,0.000820224,38984
2,512,262144,0.32,26,0.000825344,38956
2,512,262144,0.32,27,0.00082944,38755
2,512,262144,0.32,28,0.000820224,38567
2,512,262144,0.32,29,0.000822272,38418
2,512,262144,0.32,30,0.00082432,38351
2,512,262144,0.32,31,0.000818176,38189
2,512,262144,0.32,32,0.000827392,38167
2,512,262144,0.32,33,0.000826368,38090
2,512,262144,0.32,34,0.00082432,38157
2,512,262144,0.32,35,0.000821248,38060
2,512,262144,0.32,36,0.000821248,37862
2,512,262144,0.32,37,0.000817152,37864
2,512,262144,0.32,38,0.000826368,37738
2,512,262144,0.32,39,0.000826368,37805
2,512,262144,0.32,40,0.000823296,37536
2,512,262144,0.32,41,0.000820224,37462
2,512,262144,0.32,42,0.000820224,37399
2,512,262144,0.32,43,0.000822272,37366
2,512,262144,0.32,44,0.000822272,37410
2,512,262144,0.32,45,0.000821248,37364
2,512,262144,0.32,46,0.000815104,37362
2,512,262144,0.32,47,0.00081408,37352
2,512,262144,0.32,48,0.000820224,37310
2,512,262144,0.32,49,0.0008192,37331
2,512,262144,0.32,50,0.000809984,37266
2,512,262144,0.32,51,0.000823296,37192
2,512,262144,0.32,52,0.000813056,37217
2,512,262144,0.32,53,0.000822272,37125
2,512,262144,0.32,54,0.000820224,37066
2,512,262144,0.32,55,0.0008192,37039
2,512,262144,0.32,56,0.000815104,37082
2,512,262144,0.32,57,0.000820224,36895
2,512,262144,0.32,58,0.000825344,36981
2,512,262144,0.32,59,0.000821248,37036
2,512,262144,0.32,60,0.000817152,36756
2,512,262144,0.32,61,0.000823296,37050
2,512,262144,0.32,62,0.000823296,36803
2,512,262144,0.32,63,0.000813056,36870
2,512,262144,0.32,64,0.0008192,36818
2,512,262144,0.32,65,0.000815104,36574
2,512,262144,0.32,66,0.000821248,36474
2,512,262144,0.32,67,0.0008192,36770
2,512,262144,0.32,68,0.000818176,36649
2,512,262144,0.32,69,0.000822272,36642
2,512,262144,0.32,70,0.000820224,36615
2,512,262144,0.32,71,0.000816128,36692
2,512,262144,0.32,72,0.000817152,36762
2,512,262144,0.32,73,0.000816128,36616
2,512,262144,0.32,74,0.000822272,36538
2,512,262144,0.32,75,0.000816128,36585
2,512,262144,0.32,76,0.000811008,36574
2,512,262144,0.32,77,0.00082432,36501
2,512,262144,0.32,78,0.0008192,36634
2,512,262144,0.32,79,0.0008192,36489
2,512,262144,0.32,80,0.00081408,36499
2,512,262144,0.32,81,0.000813056,36418
2,512,262144,0.32,82,0.000813056,36540
2,512,262144,0.32,83,0.000831488,36423
2,512,262144,0.32,84,0.0008192,36494
2,512,262144,0.32,85,0.000840704,36394
2,512,262144,0.32,86,0.00082432,36439
2,512,262144,0.32,87,0.000820224,36328
2,512,262144,0.32,88,0.000818176,36446
2,512,262144,0.32,89,0.000817152,36298
2,512,262144,0.32,90,0.000822272,36382
2,512,262144,0.32,91,0.000816128,36188
2,512,262144,0.32,92,0.000821248,36459
2,512,262144,0.32,93,0.000818176,36416
2,512,262144,0.32,94,0.000823296,36388
2,512,262144,0.32,95,0.000821248,36154
2,512,262144,0.32,96,0.000816128,36401
2,512,262144,0.32,97,0.000820224,36255
2,512,262144,0.32,98,0.000818176,36455
2,512,262144,0.32,99,0.000817152,36457
2,512,262144,0.64,0,0.00210534,77644
2,512,262144,0.64,1,0.000915456,70837
2,512,262144,0.64,2,0.000893952,59981
2,512,262144,0.64,3,0.000863232,55652
2,512,262144,0.64,4,0.00087552,55085
2,512,262144,0.64,5,0.000858112,54812
2,512,262144,0.64,6,0.000873472,54874
2,512,262144,0.64,7,0.00086528,55052
2,512,262144,0.64,8,0.000859136,54913
2,512,262144,0.64,9,0.00088576,55009
2,512,262144,0.64,10,0.000858112,55044
2,512,262144,0.64,11,0.000867328,54904
2,512,262144,0.64,12,0.000874496,55049
2,512,262144,0.64,13,0.00086016,55279
2,512,262144,0.64,14,0.000866304,55278
2,512,262144,0.64,15,0.000861184,55222
2,512,262144,0.64,16,0.00086016,55208
2,512,262144,0.64,17,0.000864256,55178
2,512,262144,0.64,18,0.000861184,55259
2,512,262144,0.64,19,0.000863232,55232
2,512,262144,0.64,20,0.000856064,55303
2,512,262144,0.64,21,0.000868352,55212
2,512,262144,0.64,22,0.000862208,55237
2,512,262144,0.64,23,0.000859136,55231
2,512,262144,0.64,24,0.00086528,55274
2,512,262144,0.64,25,0.000869376,55262
2,512,262144,0.64,26,0.000866304,55321
2,512,262144,0.64,27,0.000867328,55392
2,512,262144,0.64,28,0.000863232,55448
2,512,262144,0.64,29,0.000861184,55431
2,512,262144,0.64,30,0.000869376,55326
2,512,262144,0.64,31,0.00085504,55250
2,512,262144,0.64,32,0.000866304,55277
2,512,262144,0.64,33,0.000863232,55219
2,512,262144,0.64,34,0.000873472,55290
2,512,262144,0.64,35,0.000869376,55329
2,512,262144,0.64,36,0.0008704,55381
2,512,262144,0.64,37,0.00086016,55376
2,512,262144,0.64,38,0.000864256,55338
2,512,262144,0.64,39,0.00086528,55351
2,512,262144,0.64,40,0.000863232,55369
2,512,262144,0.64,41,0.000862208,55163
2,512,262144,0.64,42,0.000874496,55278
2,512,262144,0.64,43,0.00085504,55260
2,512,262144,0.64,44,0.000863232,55169
2,512,262144,0.64,45,0.00086016,55300
2,512,262144,0.64,46,0.000861184,55315
2,512,262144,0.64,47,0.000859136,55511
2,512,262144,0.64,48,0.000864256,55370
2,512,262144,0.64,49,0.00085504,55216
2,512,262144,0.64,50,0.000863232,55240
2,512,262144,0.64,51,0.000863232,55194
2,512,262144,0.64,52,0.000867328,55354
2,512,262144,0.64,53,0.000862208,55365
2,512,262144,0.64,54,0.000861184,55306
2,512,262144,0.64,55,0.000856064,55334
2,512,262144,0.64,56,0.000864256,55396
2,512,262144,0.64,57,0.000864256,55493
2,512,262144,0.64,58,0.000863232,55367
2,512,262144,0.64,59,0.000861184,55329
2,512,262144,0.64,60,0.000858112,55332
2,512,262144,0.64,61,0.000859136,55344
2,512,262144,0.64,62,0.000868352,55381
2,512,262144,0.64,63,0.000857088,55349
2,512,262144,0.64,64,0.000868352,55269
2,512,262144,0.64,65,0.000862208,55057
2,512,262144,0.64,66,0.00085504,55230
2,512,262144,0.64,67,0.000862208,55339
2,512,262144,0.64,68,0.000864256,55278
2,512,262144,0.64,69,0.00086016,55318
2,512,262144,0.64,70,0.00086016,55433
2,512,262144,0.64,71,0.000858112,55434
2,512,262144,0.64,72,0.000862208,55296
2,512,262144,0.64,73,0.00086016,55302
2,512,262144,0.64,74,0.000854016,55338
2,512,262144,0.64,75,0.000858112,55120
2,512,262144,0.64,76,0.000854016,55296
2,512,262144,0.64,77,0.0008704,55197
2,512,262144,0.64,78,0.000858112,55102
2,512,262144,0.64,79,0.000851968,55096
2,512,262144,0.64,80,0.00086016,55144
2,512,262144,0.64,81,0.000861184,55015
2,512,262144,0.64,82,0.000862208,55103
2,512,262144,0.64,83,0.000862208,55223
2,512,262144,0.64,84,0.000857088,55105
2,512,262144,0.64,85,0.00085504,55169
2,512,262144,0.64,86,0.000866304,55109
2,512,262144,0.64,87,0.000863232,55081
2,512,262144,0.64,88,0.000864256,55138
2,512,262144,0.64,89,0.000858112,55000
2,512,262144,0.64,90,0.000859136,55189
2,512,262144,0.64,91,0.000858112,55223
2,512,262144,0.64,92,0.00086016,55328
2,512,262144,0.64,93,0.000859136,55074
2,512,262144,0.64,94,0.000864256,55120
2,512,262144,0.64,95,0.000863232,55266
2,512,262144,0.64,96,0.000854016,55195
2,512,262144,0.64,97,0.000859136,55116
2,512,262144,0.64,98,0.000858112,55205
2,512,262144,0.64,99,0.000861184,55192
